,Domain,Monthly Visits,Visit Duration,Bounce Rate,Pages/Visit
1,facebook.com,"18,139,057,821.98",00:09:26,32.55%,8.33
2,twitter.com,"6,869,596,082.48",00:10:29,32.70%,9.57
3,instagram.com,"6,484,305,356.05",00:07:42,34.73%,10.49
4,whatsapp.com,"2,852,797,991.43",00:03:00,73.91%,1.63
5,tiktok.com,"1,870,657,665.57",00:03:29,40.43%,7.79
6,reddit.com,"1,821,051,309.36",00:08:56,37.56%,6.39
7,linkedin.com,"1,743,002,610.71",00:07:28,23.44%,7.66
8,vk.com,"1,423,886,833.30",00:12:43,25.78%,15.58
9,discord.com,"1,138,586,480.70",00:06:03,51.43%,6.94
10,pinterest.com,"1,063,221,149.27",00:05:39,42.70%,6.23
11,ok.ru,"697,060,689.67",00:11:32,24.97%,12.30
12,zhihu.com,"464,275,130.81",00:04:34,48.36%,2.76
13,messenger.com,"377,503,717.23",00:13:31,25.73%,6.73
14,line.me,"342,533,904.34",00:01:08,68.84%,2.08
15,telegram.org,"259,442,397.37",00:10:35,27.65%,6.61
16,tumblr.com,"243,018,527.41",00:08:39,42.17%,6.42
17,namu.wiki,"194,986,478.94",00:07:57,38.72%,4.81
18,ppgames.net,"180,169,807.82",00:15:29,35.09%,4.11
19,ameblo.jp,"179,825,377.04",00:02:45,58.95%,2.79
20,nextdoor.com,"178,534,058.42",00:02:42,48.91%,2.65
21,weibo.com,"155,308,834.53",00:08:56,30.21%,7.60
22,redd.it,"150,476,590.72",00:02:53,65.83%,2.23
23,pgf-asqb7a.com,"133,877,870.13",00:17:55,35.31%,4.65
24,snapchat.com,"124,120,165.22",00:05:43,43.67%,5.00
25,slack.com,"114,063,763.28",00:13:31,26.86%,6.30
26,patreon.com,"100,244,237.04",00:03:14,57.55%,3.19
27,livejournal.com,"95,347,045.34",00:05:23,56.42%,3.45
28,zalo.me,"90,724,116.31",00:02:41,60.42%,1.87
29,hatenablog.com,"83,044,641.86",00:01:56,73.41%,2.06
30,discordapp.com,"74,254,126.64",00:03:23,67.08%,2.33
31,ssstik.io,"71,057,438.26",00:02:55,45.49%,2.45
32,omegle.com,"70,588,146.48",00:06:34,55.00%,6.86
33,pinterest.es,"63,846,811.33",00:07:25,36.75%,7.58
34,snaptik.app,"61,966,213.39",00:01:00,37.22%,2.89
35,ninisite.com,"60,833,946.02",00:07:13,32.96%,10.19
36,slideshare.net,"59,122,841.83",00:02:53,63.70%,2.25
37,pinterest.com.mx,"58,886,439.81",00:06:57,38.77%,7.24
38,bakusai.com,"53,006,042.59",00:07:17,27.60%,9.78
39,fb.com,"51,341,132.38",00:01:08,58.96%,1.76
40,pinterest.co.uk,"49,276,973.35",00:06:33,38.77%,6.75
41,ptt.cc,"48,270,594.82",00:06:50,42.06%,7.56
42,pinterest.fr,"45,030,605.93",00:07:01,37.65%,6.70
43,iganony.com,"43,499,228.01",00:07:15,26.36%,4.16
44,youtubekids.com,"42,906,724.19",00:20:29,30.30%,9.71
45,heylink.me,"41,870,910.96",00:03:17,56.43%,2.04
46,kwai.com,"41,862,475.22",00:00:20,24.60%,1.97
47,ameba.jp,"40,925,216.55",00:06:36,38.58%,13.17
48,pinterest.ca,"39,774,550.96",00:06:39,35.53%,7.29
49,dcard.tw,"39,640,704.78",00:04:41,51.29%,5.24
50,pinterest.de,"39,580,087.99",00:05:44,41.82%,6.23
51,bp.blogspot.com,"38,606,666.42",00:02:01,70.59%,2.19
52,foursquare.com,"33,775,622.71",00:00:45,73.26%,1.96
53,4pda.to,"33,051,980.63",00:04:24,57.55%,4.26
54,hczog.com,"31,894,274.43",00:00:22,86.31%,1.20
55,fb.watch,"31,268,351.04",00:00:41,79.35%,1.31
56,gotrackier.com,"31,008,759.14",00:01:06,53.97%,1.76
57,fbsbx.com,"30,932,549.43",00:01:00,64.50%,1.91
58,lihkg.com,"29,086,397.24",00:12:08,29.44%,11.38
59,feishu.cn,"28,827,288.96",00:13:06,27.54%,8.18
60,blogimg.jp,"27,953,976.06",00:02:00,62.70%,2.65
61,instiz.net,"26,144,893.24",00:04:19,53.05%,5.03
62,pinterest.com.au,"25,729,873.54",00:06:21,36.39%,6.52
63,userapi.com,"24,454,590.98",00:03:17,62.18%,2.73
64,visariomedia.com,"24,363,225.90",00:02:16,54.05%,2.52
65,acscdn.com,"23,993,381.26",00:02:44,41.93%,3.79
66,eyny.com,"22,747,077.59",00:08:53,25.89%,11.83
67,storysaver.net,"22,020,221.31",00:01:35,64.57%,2.24
68,socialblade.com,"21,717,719.30",00:03:23,55.89%,3.06
69,hamusoku.com,"20,720,978.26",00:03:56,50.92%,3.36
70,bestreviews.guide,"20,636,103.38",00:01:30,65.11%,1.99
71,classmates.com,"19,827,941.21",00:02:45,40.80%,5.77
72,meetup.com,"19,163,416.79",00:05:00,34.69%,6.61
73,flashback.org,"18,458,699.19",00:10:25,22.86%,10.31
74,piliapp.com,"17,610,351.73",00:01:52,78.51%,1.78
75,tattle.life,"17,216,735.85",00:11:34,24.60%,9.44
76,groupme.com,"15,819,857.03",00:03:00,34.68%,2.89
77,exblog.jp,"15,689,174.79",00:01:54,63.54%,2.47
78,seesaa.net,"15,081,083.99",00:01:42,68.11%,2.28
79,acdcdn.com,"15,005,792.19",00:03:35,50.39%,3.25
80,tagged.com,"14,118,763.78",00:11:56,20.44%,20.97
81,pgslot.co,"13,993,661.60",00:18:36,11.34%,8.07
82,ayovaksindinkeskdi.id,"13,718,524.18",00:01:49,63.73%,1.77
83,zlibrary.to,"13,023,889.69",00:02:48,35.88%,4.62
84,51dongshi.com,"12,693,157.11",00:00:04,85.64%,1.02
85,pinterest.cl,"12,602,603.32",00:07:32,37.46%,7.18
86,nnmclub.to,"12,382,470.17",00:06:33,22.49%,6.60
87,2ch2.net,"12,041,454.63",00:07:37,26.21%,9.75
88,happymh.com,"12,007,201.03",00:25:29,17.53%,16.37
89,llink.site,"11,994,151.87",00:00:16,45.76%,1.64
90,pinterest.co.kr,"11,883,763.39",00:07:27,34.35%,8.53
91,mixi.jp,"11,771,037.17",00:04:14,47.52%,3.76
92,liqucn.com,"11,665,585.98",00:00:26,69.88%,1.49
93,computerbase.de,"11,613,340.03",00:03:51,57.78%,3.15
94,chenzhongtech.com,"11,504,145.92",00:02:00,78.39%,1.60
95,matomeantena.com,"11,070,954.40",00:07:14,45.94%,3.51
96,cotilleando.com,"11,012,659.96",00:10:39,29.09%,7.28
97,bongacams10.com,"10,528,042.23",00:01:07,68.11%,3.76
98,ggpht.com,"10,314,640.16",00:01:05,76.64%,1.81
99,inflact.com,"9,848,377.15",00:02:46,40.30%,3.60
100,indown.io,"9,748,740.32",00:02:58,34.77%,3.08
101,m-team.cc,"9,447,839.78",00:09:29,22.93%,17.08
102,tango.me,"9,344,856.01",00:08:57,38.49%,18.77
103,soaheeme.net,"9,337,080.29",00:04:14,44.30%,2.52
104,115.com,"9,261,311.50",00:14:55,15.99%,20.13
105,copy.ai,"9,109,353.31",00:05:32,33.12%,5.38
106,proboards.com,"9,048,217.67",00:07:22,38.97%,6.94
107,casinomcw.com,"9,024,337.45",00:03:06,68.53%,3.27
108,plurk.com,"8,948,007.65",00:09:20,50.70%,4.36
109,cupfox.app,"8,580,921.01",00:03:22,26.52%,3.13
110,quark.cn,"8,561,296.40",00:03:26,26.07%,4.58
111,pinterest.pt,"8,328,150.37",00:07:35,36.08%,7.16
112,aparsclassroom.com,"8,260,124.21",00:11:40,24.76%,6.94
113,coomeet.com,"8,237,465.04",00:06:30,43.27%,3.62
114,jkforum.net,"8,214,108.06",00:08:02,35.98%,13.38
115,tcafe2a.com,"8,144,812.46",00:06:07,17.65%,10.81
116,omg.adult,"8,118,088.14",00:10:47,13.46%,15.02
117,chat-avenue.com,"7,973,203.21",00:12:20,34.30%,6.62
118,fb.me,"7,957,097.82",00:00:47,50.30%,1.35
119,t21.press,"7,899,738.61",00:05:47,26.00%,5.38
120,lofter.com,"7,775,775.94",00:08:00,41.98%,5.32
121,yammer.com,"7,763,064.32",00:03:40,27.23%,5.20
122,ask.fm,"7,665,338.79",00:05:22,45.12%,4.20
123,btnull.org,"7,550,963.08",00:05:42,27.79%,5.13
124,news.sanook.com,"7,491,020.71",00:01:59,58.06%,2.20
125,saveinsta.app,"7,375,432.13",00:03:04,42.95%,2.81
126,boxofwhisper.com,"7,317,991.82",00:00:24,85.34%,1.20
127,disp.cc,"7,167,702.22",00:12:26,47.64%,5.71
128,bnc.lt,"7,148,230.77",00:00:35,45.06%,1.45
129,vk.me,"7,065,305.80",00:03:18,63.90%,2.94
130,tomp3.cc,"7,022,694.40",00:05:52,29.44%,4.85
131,fuliba2023.net,"6,954,836.74",00:04:52,34.53%,3.17
132,pttweb.cc,"6,871,183.27",00:03:14,62.94%,4.88
133,hatelabo.jp,"6,870,325.42",00:02:56,64.47%,2.59
134,ome.tv,"6,859,022.63",00:02:43,59.45%,2.05
135,saraba1st.com,"6,791,233.01",00:19:32,18.66%,11.12
136,hhpanda.tv,"6,713,785.08",00:10:35,41.15%,3.65
137,workarea2.live,"6,635,801.99",00:07:23,21.64%,17.55
138,livebeam.com,"6,630,575.89",00:07:28,33.74%,5.34
139,nivod.tv,"6,602,176.25",00:06:40,30.65%,4.65
140,o18.link,"6,582,465.94",00:00:33,68.35%,1.45
141,shortsnoob.com,"6,522,877.86",00:04:03,40.18%,2.90
142,cococut.net,"6,433,674.80",00:09:18,45.51%,3.85
143,burusoku-vip.com,"6,385,928.77",00:01:41,69.15%,2.12
144,snap.com,"6,293,790.90",00:01:04,53.50%,2.29
145,iesdouyin.com,"6,253,075.06",00:00:29,81.31%,1.16
146,ssstwitter.com,"6,143,883.13",00:03:38,19.39%,4.82
147,mywondertrip.com,"6,128,026.89",00:00:29,87.75%,1.15
148,theglossonline.com,"6,126,751.58",00:00:17,89.39%,1.13
149,pstatic.net,"6,087,379.73",00:02:19,72.15%,2.19
150,kiwifarms.net,"6,060,770.38",00:11:39,28.05%,7.73
151,gcsh.net,"6,034,779.71",00:00:03,97.58%,1.03
152,instastories.watch,"6,023,497.44",00:03:59,24.06%,4.58
153,pinterest.se,"6,016,377.36",00:05:56,37.62%,6.70
154,internewsweb.com,"5,947,150.16",00:00:31,85.09%,1.19
155,north-plus.net,"5,915,724.11",00:02:10,66.13%,6.94
156,surveyheart.com,"5,889,510.15",00:02:05,37.41%,2.83
157,24-sportnews.com,"5,835,715.81",00:00:26,87.43%,1.20
158,mocospace.com,"5,829,452.57",00:16:17,19.61%,21.56
159,spiceworks.com,"5,788,899.30",00:02:49,71.25%,2.41
160,instabio.cc,"5,677,753.15",00:00:36,70.60%,1.76
161,znds.com,"5,648,476.78",00:02:56,51.93%,3.49
162,sogirl.so,"5,631,346.16",00:11:39,8.22%,15.32
163,u-mob.cn,"5,586,437.56",00:00:21,76.03%,2.62
164,dalechatea.me,"5,471,835.10",00:09:25,18.79%,12.03
165,civitai.com,"5,465,744.38",00:10:22,25.69%,9.73
166,notube.site,"5,386,217.10",00:06:24,21.64%,8.55
167,listaspam.com,"5,383,048.74",00:00:38,81.36%,1.46
168,splonline.com.sa,"5,382,828.78",00:04:36,41.56%,5.92
169,right.com.cn,"5,351,283.09",00:05:05,45.20%,3.88
170,nosv.org,"5,291,900.93",00:24:32,19.71%,26.31
171,thecoli.com,"5,274,377.95",00:17:51,20.58%,13.40
172,moddroid.co,"5,232,362.40",00:02:02,48.22%,3.69
173,snackvideo.com,"5,201,649.95",00:01:26,50.22%,2.51
174,o8tv.com,"5,179,642.30",00:07:52,30.15%,6.21
175,internetpositif.id,"5,175,347.08",00:01:48,60.49%,2.24
176,topwwnews.com,"5,172,533.41",00:00:05,56.30%,1.24
177,thelottovip.co,"5,171,992.98",01:05:48,12.38%,35.40
178,lovoo.com,"5,171,597.00",00:07:42,38.90%,3.79
179,food.trueid.net,"5,167,217.22",00:01:43,65.13%,1.52
180,tianya.cn,"5,081,931.34",00:03:55,48.18%,5.36
181,pinterest.at,"5,060,038.22",00:05:37,42.03%,6.29
182,pinterest.nz,"5,015,730.90",00:06:28,37.51%,6.73
183,taringa.net,"4,996,968.26",00:03:35,56.17%,3.35
184,hi5.com,"4,991,154.32",00:10:29,22.08%,20.12
185,forum.hr,"4,953,439.01",00:08:26,42.76%,6.40
186,forumhouse.ru,"4,951,279.28",00:07:42,53.45%,4.09
187,traffic1s.com,"4,903,823.95",00:06:23,21.92%,5.28
188,twinkstar.cn,"4,687,796.23",00:02:10,85.01%,1.21
189,usa2468.com,"4,684,896.85",00:21:11,15.26%,10.60
190,flashexpress.co.th,"4,620,125.45",00:01:37,70.38%,1.85
191,hdsky.me,"4,605,702.62",00:05:16,33.62%,4.40
192,anime-sharing.com,"4,535,782.92",00:05:02,30.90%,6.25
193,link-hub.net,"4,430,991.85",00:02:38,69.54%,1.57
194,freedidi.com,"4,421,397.54",00:01:32,27.64%,2.87
195,condles-temark.com,"4,405,411.25",00:00:17,78.68%,1.31
196,vipsister23.com,"4,376,876.48",00:02:41,53.62%,4.29
197,jtexpress.co.th,"4,351,939.90",00:02:28,54.20%,2.62
198,arabic.chat,"4,344,481.42",00:21:56,38.55%,25.66
199,earnme.club,"4,252,627.13",00:02:30,18.79%,3.37
200,instasupersave.com,"4,227,191.41",00:05:30,25.84%,4.09
201,dreamwidth.org,"4,225,705.75",00:12:22,35.65%,8.04
202,nebula.tv,"4,159,197.35",00:05:16,40.11%,3.47
203,apasih.my.id,"4,145,018.46",00:02:30,25.54%,3.97
204,mudvod.tv,"4,144,576.47",00:06:44,31.50%,4.32
205,jtexpress.ph,"4,141,744.91",00:02:43,49.66%,2.26
206,nebenan.de,"4,122,158.06",00:03:15,39.44%,3.96
207,musicaldown.com,"4,103,435.39",00:03:54,27.86%,4.64
208,sehuatang.net,"4,094,282.79",00:09:12,20.26%,20.19
209,gruposwats.com,"4,072,855.69",00:01:09,28.01%,14.35
210,subhd.tv,"4,072,417.94",00:03:33,32.45%,3.73
211,kismia.com,"4,062,352.63",00:04:21,39.98%,11.25
212,lgych.com,"4,058,103.52",00:00:47,9.34%,12.63
213,pinterest.ch,"4,029,247.71",00:05:57,40.48%,6.53
214,sktorrent.eu,"3,979,463.07",00:05:31,28.78%,5.88
215,ibangquan.com,"3,942,565.18",00:00:01,91.34%,1.01
216,fw.tv,"3,912,994.87",00:00:25,51.78%,2.44
217,mastodon.social,"3,902,154.00",00:03:59,46.27%,3.35
218,zaloapp.com,"3,897,799.43",00:00:44,24.11%,1.85
219,news.2chblog.jp,"3,893,096.92",00:01:45,68.38%,1.86
220,loco.gg,"3,808,724.67",00:05:22,39.17%,3.05
221,zefoy.com,"3,807,869.59",00:11:13,30.44%,6.09
222,pinterest.dk,"3,774,883.24",00:06:32,35.81%,6.76
223,yinghuacd.com,"3,763,611.92",00:09:10,30.26%,4.48
224,myspace.com,"3,733,301.11",00:01:51,51.60%,4.22
225,zuphaims.com,"3,708,292.67",00:01:52,50.55%,2.09
226,foroactivo.com,"3,707,542.58",00:06:10,52.48%,5.79
227,isme99.com,"3,698,554.53",00:09:39,40.02%,3.29
228,yimg.com,"3,696,216.53",00:00:55,78.42%,1.56
229,buff.ly,"3,677,374.10",00:00:16,48.77%,1.18
230,dtruyen.com,"3,626,416.33",00:10:10,36.23%,7.85
231,dood.to,"3,612,880.32",00:02:39,49.32%,4.55
232,chateagratis.net,"3,593,592.25",00:04:33,23.62%,5.36
233,hawamer.com,"3,577,027.19",00:06:09,47.74%,4.35
234,sssinstagram.com,"3,576,244.98",00:03:41,49.13%,3.27
235,godlikeproductions.com,"3,554,077.78",00:09:06,27.06%,6.30
236,btbtt12.com,"3,536,390.14",00:05:20,22.54%,8.14
237,stawhoph.com,"3,531,350.82",00:02:59,43.64%,2.43
238,pp.cn,"3,499,569.71",00:00:54,79.82%,1.45
239,mojapp.in,"3,497,610.00",00:01:07,52.08%,1.79
240,fix-price.com,"3,476,308.85",00:06:22,33.13%,6.64
241,groupsorlink.com,"3,462,050.53",00:01:51,49.48%,4.13
242,googleblog.com,"3,451,427.29",00:00:50,71.44%,1.73
243,ptthito.com,"3,427,762.99",00:00:44,80.40%,1.55
244,internalfb.com,"3,415,525.38",00:27:12,19.39%,14.87
245,tianqijun.com,"3,413,961.51",00:00:18,84.89%,1.17
246,tgramsearch.com,"3,393,168.76",00:04:29,43.54%,5.09
247,machi.to,"3,380,223.45",00:03:27,44.07%,4.63
248,spin.de,"3,358,160.71",00:08:19,25.19%,9.74
249,ahhhhfs.com,"3,354,255.14",00:05:26,38.38%,4.40
250,forumactif.com,"3,339,776.71",00:08:46,43.86%,8.49
251,mini4k.com,"3,330,725.81",00:03:23,38.28%,6.32
252,kanasoku.info,"3,315,758.03",00:01:23,72.27%,1.59
253,invle.co,"3,306,557.63",00:00:56,88.99%,1.14
254,2chcopipe.com,"3,292,338.84",00:02:32,62.16%,2.63
255,zona-lagu.net,"3,263,594.28",00:04:04,25.42%,10.04
256,majikichi.com,"3,262,553.16",00:02:32,57.92%,3.02
257,yoshare.net,"3,253,173.70",00:03:39,19.65%,6.12
258,spigotmc.org,"3,244,947.28",00:06:29,30.58%,5.06
259,jappy.com,"3,242,567.09",00:16:13,19.22%,24.20
260,bakamitai.com,"3,237,989.34",00:00:31,65.16%,2.04
261,zingmp3.vn,"3,220,451.01",00:05:01,38.92%,3.76
262,workgreat11.live,"3,209,384.15",00:01:21,41.63%,28.78
263,prakerja.go.id,"3,194,942.29",00:02:11,20.95%,7.04
264,backupmp3.com,"3,190,921.20",00:03:05,54.45%,2.36
265,pinterest.ie,"3,155,110.64",00:05:32,42.83%,6.83
266,ngantenstory.id,"3,136,558.18",00:03:44,78.61%,1.32
267,y99.in,"3,127,752.62",00:12:04,14.53%,20.47
268,downloadlagu123.biz,"3,110,136.91",00:00:30,43.37%,8.65
269,ff-02.com,"3,085,019.12",00:03:15,60.74%,1.96
270,yacineapp.tv,"3,047,191.38",00:01:10,67.58%,1.87
271,258.tv,"3,026,377.03",00:00:14,83.32%,2.39
272,flysat.com,"3,024,001.28",00:04:34,42.55%,2.91
273,freechatnow.com,"3,018,220.43",00:12:10,21.75%,8.13
274,getfvid.com,"2,952,902.35",00:02:02,30.39%,3.10
275,linkfly.to,"2,939,007.34",00:01:35,64.40%,1.78
276,51.com,"2,922,017.68",00:01:41,61.75%,2.33
277,disneyfoodblog.com,"2,920,140.40",00:01:31,59.64%,1.89
278,kwai.app,"2,913,317.40",00:01:39,70.83%,1.69
279,lifeat.io,"2,904,718.84",00:04:42,44.27%,7.20
280,tiktokv.com,"2,903,249.45",00:00:34,37.15%,1.61
281,redircdn.com,"2,893,534.84",00:04:48,53.60%,3.68
282,cafecito.app,"2,879,387.49",00:02:50,38.41%,5.21
283,ig.me,"2,875,152.38",00:01:02,61.38%,1.58
284,chatblink.com,"2,842,438.93",00:14:46,21.00%,18.36
285,atlaq.com,"2,820,476.21",00:00:08,77.26%,1.36
286,yinfans.me,"2,796,094.94",00:03:01,46.25%,3.77
287,tunisia-sat.com,"2,781,569.99",00:07:42,31.42%,7.34
288,ego.ro,"2,744,120.23",00:00:48,80.63%,1.28
289,dangbei.com,"2,739,631.59",00:01:59,39.70%,2.81
290,pianyuan.org,"2,738,153.76",00:03:13,34.31%,4.70
291,tecdo-ecvip2.com,"2,734,219.04",00:00:09,93.02%,1.07
292,paypal-community.com,"2,710,123.50",00:01:44,62.14%,2.22
293,risu.io,"2,703,523.55",00:02:08,60.75%,2.92
294,360koralive.com,"2,694,844.21",00:08:31,39.37%,3.14
295,deepnude.cc,"2,691,808.08",00:09:20,20.28%,8.89
296,truyentuan.com,"2,690,386.22",00:04:24,46.20%,2.99
297,groupsor.link,"2,682,961.68",00:02:46,26.82%,15.85
298,mage.space,"2,682,026.80",00:19:57,29.65%,10.09
299,mypikpak.com,"2,676,202.16",00:08:15,35.31%,7.51
300,zimuku.org,"2,650,284.35",00:04:40,17.16%,6.60
301,pedir.delivery,"2,627,205.30",00:03:29,21.69%,12.65
302,36dm.club,"2,609,533.44",00:02:54,36.12%,4.18
303,umblr.com,"2,597,847.71",00:01:02,81.29%,1.43
304,riyadhseason.sa,"2,559,815.88",00:01:20,50.42%,3.79
305,sticker.ly,"2,559,066.52",00:00:46,50.08%,2.19
306,wikitraveltips.com,"2,556,567.10",00:03:01,24.77%,4.02
307,forumias.com,"2,555,902.23",00:05:29,44.52%,4.00
308,bj-share.info,"2,547,264.43",00:06:42,15.71%,7.14
309,freshingclicks.com,"2,528,326.42",00:01:31,71.59%,1.55
310,tvapk.net,"2,514,279.30",00:01:41,58.32%,2.69
311,zxcs.me,"2,492,076.29",00:02:06,25.66%,5.31
312,rattibha.com,"2,491,986.95",00:01:07,74.69%,1.97
313,miguyu.com,"2,491,657.41",00:01:07,49.12%,1.48
314,hindime.net,"2,491,539.75",00:00:32,73.19%,1.51
315,btbtt15.com,"2,488,121.91",00:05:55,23.31%,6.82
316,rrdynb.com,"2,487,333.96",00:03:15,48.99%,3.41
317,anoneko.com,"2,487,119.19",00:02:39,30.03%,3.92
318,lihi1.com,"2,481,750.70",00:00:04,13.59%,1.46
319,cloud.189.cn,"2,478,551.88",00:03:29,45.74%,4.27
320,phcorner.net,"2,462,822.23",00:06:32,36.03%,6.24
321,sweetydeals.com,"2,459,311.67",00:00:33,93.18%,1.09
322,laowang.vip,"2,435,309.50",00:08:10,25.68%,9.32
323,bildirim.in,"2,423,892.22",00:03:35,54.88%,2.37
324,overclock.net,"2,419,104.10",00:02:09,37.22%,1.77
325,wireclub.com,"2,418,824.44",00:18:32,22.20%,17.86
326,meijumi.net,"2,418,272.54",00:02:14,45.60%,2.96
327,tangrenjie.tv,"2,417,936.33",00:08:06,40.73%,3.68
328,chatiw.com,"2,410,463.14",00:30:29,19.98%,31.41
329,instasave.website,"2,406,504.17",00:03:35,24.10%,5.00
330,skyrock.com,"2,404,387.29",00:06:31,52.72%,7.63
331,startimes.com,"2,400,068.51",00:04:36,45.78%,5.70
332,siman.com,"2,385,037.20",00:04:36,42.77%,8.62
333,sssins.com,"2,382,800.78",00:06:14,34.67%,4.84
334,mydigit.cn,"2,381,298.57",00:02:55,45.37%,4.67
335,ajeee.com,"2,379,948.78",00:06:55,42.37%,4.30
336,forumeiros.com,"2,379,037.37",00:04:29,55.56%,3.70
337,shareus.in,"2,372,030.59",00:03:07,28.36%,4.27
338,ymmfa.com,"2,364,608.90",00:04:02,37.29%,2.08
339,moptt.tw,"2,363,209.44",00:01:17,79.99%,1.83
340,downloadgram.org,"2,344,986.92",00:03:19,50.15%,4.46
341,bohaishibei.com,"2,343,456.17",00:07:26,23.72%,6.01
342,metricool.com,"2,335,699.39",00:04:12,48.56%,4.80
343,twpf.jp,"2,330,868.57",00:01:39,73.87%,1.79
344,note1s.com,"2,329,024.30",00:05:40,33.20%,3.82
345,dulink.in,"2,328,100.83",00:02:44,54.56%,2.04
346,asharqbusiness.com,"2,318,240.67",00:02:22,56.44%,2.42
347,mneylink.com,"2,314,161.83",00:05:19,28.48%,3.81
348,abdelmaaboud.com,"2,309,254.87",00:08:18,42.16%,4.08
349,extreme-down.lol,"2,296,198.93",00:02:14,16.70%,4.16
350,apk4free.org,"2,295,784.27",00:03:18,41.80%,4.40
351,downradar.ru,"2,288,071.64",00:00:50,72.34%,1.56
352,pan666.cn,"2,281,762.48",00:06:25,20.93%,11.43
353,tenforums.com,"2,275,609.58",00:01:30,71.37%,1.71
354,madou.club,"2,254,559.70",00:08:53,20.30%,10.62
355,textovod.com,"2,241,744.59",00:04:19,53.58%,1.97
356,hen18.net,"2,240,341.42",00:14:25,34.94%,9.71
357,chathub.cam,"2,235,196.84",00:05:58,33.50%,4.78
358,cjonstyle.com,"2,206,339.50",00:03:26,28.26%,5.52
359,coolpc.com.tw,"2,202,909.86",00:03:26,47.57%,2.62
360,igrupos.com,"2,200,128.72",00:03:53,34.79%,10.86
361,twpkinfo.com,"2,194,124.98",00:05:34,56.10%,1.81
362,autobet2.com,"2,194,025.69",00:07:53,16.73%,8.79
363,pianshen.com,"2,181,815.77",00:00:46,78.93%,1.28
364,socialgrep.com,"2,179,724.31",00:02:11,47.99%,3.80
365,filmestorrentdownload.com.br,"2,178,772.83",00:01:57,51.48%,3.56
366,iiilab.com,"2,175,469.38",00:01:01,64.99%,1.28
367,nan-net.jp,"2,174,429.68",00:07:53,14.42%,18.01
368,twdown.net,"2,170,031.03",00:02:24,34.83%,3.46
369,south-plus.net,"2,164,404.47",00:08:29,23.88%,11.79
370,t.cn,"2,158,217.80",00:01:00,70.77%,1.39
371,chatib.us,"2,154,488.90",00:15:07,20.98%,8.63
372,workpointtoday.com,"2,148,954.33",00:00:31,77.03%,1.25
373,open2ch.net,"2,145,455.20",00:08:39,37.28%,9.67
374,elsaudi.news,"2,141,194.51",00:03:09,54.09%,2.04
375,talkwithstranger.com,"2,135,089.03",00:13:06,20.73%,27.86
376,xemphimviet.net,"2,134,170.02",00:08:48,35.26%,4.01
377,promokodus.com,"2,126,474.93",00:01:28,37.46%,2.65
378,kik.com,"2,111,419.82",00:02:12,48.46%,2.57
379,ning.com,"2,097,161.56",00:04:13,53.70%,4.43
380,cat-happy.cn,"2,091,959.31",00:00:01,60.93%,3.97
381,nghmaty.club,"2,079,592.60",00:00:36,61.52%,2.07
382,tazkarti.com,"2,077,844.51",00:03:10,39.06%,7.74
383,instagrammernews.com,"2,075,100.26",00:02:13,60.97%,3.79
384,torrent.org.cn,"2,070,525.73",00:01:16,43.18%,2.61
385,autoplay.cloud,"2,060,825.09",00:08:29,46.02%,5.17
386,tigo.com.bo,"2,059,043.79",00:01:16,33.99%,2.90
387,get2ch.net,"2,040,927.94",00:01:33,75.52%,1.72
388,pearltrees.com,"2,040,310.44",00:07:03,29.46%,10.36
389,tikmate.online,"2,038,098.00",00:02:46,42.50%,2.75
390,fx4vip.com,"2,026,223.73",00:04:32,34.21%,3.47
391,3rooodnews.net,"1,986,825.42",00:00:50,34.78%,2.70
392,xyjun.com,"1,986,157.64",00:00:06,93.23%,1.04
393,4plebs.org,"1,983,435.05",00:05:52,38.34%,12.22
394,kisstime.net,"1,983,223.41",00:10:28,18.38%,13.25
395,4d4y.com,"1,978,199.01",00:18:00,12.87%,13.31
396,ana.rs,"1,976,798.38",00:05:44,56.94%,3.30
397,apkcunk.com,"1,974,383.98",00:02:26,27.83%,3.23
398,znzmo.com,"1,970,948.57",00:07:53,21.49%,9.95
399,playgoapk.com,"1,964,984.80",00:00:25,54.24%,2.18
400,rajaapk.com,"1,961,020.68",00:00:51,20.84%,3.16
401,megafilmeshd50.com,"1,953,062.55",00:06:09,33.34%,4.95
402,chatovod.com,"1,947,802.87",00:09:14,50.80%,8.94
403,health.kapook.com,"1,943,446.62",00:01:34,60.86%,1.49
404,arhivach.ng,"1,941,036.60",00:07:04,40.95%,10.29
405,hisprice.cn,"1,935,396.78",00:00:18,81.46%,1.12
406,twpro.jp,"1,906,013.80",00:04:21,53.26%,6.31
407,bitly.ws,"1,896,695.27",00:01:02,63.71%,1.74
408,fansone.co,"1,890,419.57",00:02:17,66.75%,2.87
409,lolcow.farm,"1,880,981.39",00:06:42,42.52%,6.27
410,webshare.cz,"1,877,014.14",00:05:35,25.04%,6.50
411,instafollowers.co,"1,870,367.78",00:01:56,55.81%,2.96
412,wahas.com,"1,858,083.32",00:04:39,47.17%,10.64
413,xn--24-3qi4duc3a1a7o.net,"1,856,725.93",00:15:51,17.90%,7.50
414,qfacc.cn,"1,839,047.51",00:00:12,60.02%,2.03
415,linkhay.com,"1,835,062.85",00:03:16,43.70%,2.98
416,chatrandom.com,"1,831,429.82",00:03:29,56.53%,2.76
417,pastehouse.com,"1,826,149.70",00:02:54,34.42%,5.15
418,crystalradio.cn,"1,815,754.92",00:12:48,31.58%,7.14
419,bellazon.com,"1,810,924.89",00:06:48,38.45%,10.98
420,waaboom.com,"1,807,606.78",00:01:14,42.38%,2.12
421,pocbi.com,"1,802,534.11",00:03:03,22.54%,4.19
422,f4club.ru,"1,800,411.36",00:16:12,7.39%,33.86
423,springsunday.net,"1,799,456.25",00:05:18,39.42%,4.55
424,cuty.io,"1,793,518.71",00:04:42,54.45%,2.49
425,newagtalk.com,"1,793,322.86",00:12:37,30.79%,20.53
426,i4hu.com,"1,787,167.46",00:00:00,88.45%,1.15
427,forosperu.net,"1,772,782.26",00:03:39,58.22%,4.68
428,profiles-vkontakte.ru,"1,763,088.56",00:00:35,82.66%,2.58
429,chathispano.com,"1,759,200.63",00:08:02,31.39%,5.69
430,magistv.net,"1,757,045.15",00:03:49,33.90%,5.38
431,forumconstruire.com,"1,755,147.01",00:03:51,69.60%,2.87
432,hey-this.com,"1,747,861.70",00:01:37,35.43%,2.17
433,loadedfiles.com,"1,739,787.55",00:05:19,33.50%,5.18
434,andrean.space,"1,734,390.44",00:01:07,53.54%,2.55
435,wpcomstaging.com,"1,733,021.56",00:05:27,55.62%,4.65
436,jikipedia.com,"1,726,866.22",00:00:46,67.73%,1.94
437,map.snapchat.com,"1,725,785.34",00:01:40,35.33%,21.17
438,k.com,"1,717,634.97",00:03:22,47.98%,6.66
439,ppcnt.net,"1,709,251.34",00:02:33,44.55%,2.81
440,neighbourly.co.nz,"1,707,533.03",00:02:47,58.50%,2.36
441,skladchik.com,"1,700,684.50",00:06:33,28.76%,6.58
442,dytt89.com,"1,698,686.77",00:00:50,58.03%,1.95
443,webcafe.bg,"1,685,739.23",00:02:31,48.02%,2.40
444,oceanengine.com,"1,675,169.96",00:14:23,28.34%,14.85
445,savett.cc,"1,672,443.64",00:03:13,29.03%,5.17
446,91p46.com,"1,671,055.44",00:04:30,52.06%,8.63
447,zxcs.info,"1,670,559.87",00:01:45,22.15%,4.17
448,eili.ir,"1,668,393.73",00:03:13,33.55%,4.00
449,don-m.nl,"1,664,528.54",00:17:31,21.86%,16.89
450,sa-globalxns.com,"1,656,966.67",00:19:11,18.22%,6.77
451,ru-board.com,"1,656,658.77",00:05:44,36.32%,4.86
452,pawoo.net,"1,649,308.97",00:04:33,47.87%,7.67
453,i3zh.com,"1,644,630.90",00:01:32,29.39%,2.09
454,lsrank.com,"1,644,340.01",00:05:05,55.49%,2.50
455,findfriends.jp,"1,640,377.72",00:02:05,59.07%,4.36
456,zuanke8.com,"1,638,459.00",00:19:16,20.28%,14.88
457,chatzona.org,"1,637,493.36",00:10:01,27.56%,12.66
458,blenderartists.org,"1,623,946.96",00:04:08,35.98%,5.82
459,iyunzk.com,"1,622,536.82",00:01:26,69.39%,1.31
460,coomeet.chat,"1,621,340.71",00:08:14,43.27%,6.23
461,92wuc.com,"1,609,846.32",00:03:37,30.66%,12.63
462,maayoung.com,"1,604,717.10",00:02:08,5.77%,7.92
463,chatiw.me,"1,600,737.36",00:16:34,24.76%,33.06
464,takez.co,"1,600,591.27",00:04:12,28.80%,4.27
465,webrate.org,"1,600,347.62",00:00:53,79.95%,1.53
466,canalchat.org,"1,600,294.02",00:04:33,23.54%,8.96
467,flvconverter.org,"1,596,345.36",00:03:40,9.08%,15.00
468,ultix.io,"1,591,802.52",00:02:13,26.40%,3.81
469,hdmall.co.th,"1,589,833.57",00:00:33,78.23%,1.59
470,shafa.com,"1,589,349.66",00:02:38,41.48%,2.72
471,1link.vip,"1,584,721.72",00:06:22,18.30%,5.96
472,albrq.news,"1,581,536.11",00:08:14,39.10%,3.88
473,egylive.online,"1,579,460.95",00:02:27,36.47%,2.74
474,appchina.com,"1,574,922.62",00:02:03,55.20%,5.36
475,whocares.jp,"1,571,928.68",00:13:40,16.79%,21.42
476,lnkam.com,"1,571,916.23",00:00:23,91.60%,1.10
477,oursogo.com,"1,563,861.33",00:10:13,22.63%,20.43
478,xlaxiata.id,"1,561,366.69",00:01:50,66.99%,1.81
479,lexun.net,"1,552,344.22",00:06:29,10.94%,5.20
480,viviv.com,"1,549,432.52",00:00:21,78.54%,1.34
481,evermart.com.br,"1,547,425.66",00:07:12,27.77%,6.97
482,khaleej-trend.online,"1,547,292.66",00:00:31,68.57%,1.59
483,instagra.com,"1,543,913.86",00:01:02,88.68%,1.12
484,financekami.com,"1,535,456.43",00:01:15,30.93%,3.53
485,famoid.com,"1,535,208.90",00:05:52,45.30%,4.46
486,brsociety.club,"1,533,365.38",00:06:40,24.82%,7.64
487,bolsadevalores.club,"1,533,258.29",00:03:23,22.21%,4.98
488,leaurned-fundonals.com,"1,528,891.44",00:00:32,77.55%,1.32
489,fetchv.net,"1,521,393.29",00:15:09,37.80%,4.72
490,vorek.pl,"1,519,471.31",00:06:03,33.00%,7.05
491,toloka.to,"1,518,954.62",00:05:32,23.80%,6.79
492,yunpz.net,"1,512,486.34",00:01:30,36.78%,6.11
493,azarlive.com,"1,510,418.66",00:03:09,46.72%,5.08
494,getit01.com,"1,508,411.91",00:00:48,90.34%,1.18
495,s1-n.com,"1,507,670.06",00:00:49,58.09%,1.78
496,whatsmenu.com.br,"1,505,864.81",00:00:54,71.99%,2.10
497,suaurl.com,"1,502,310.97",00:02:45,49.58%,5.16
498,topwargame.com,"1,501,247.02",00:02:11,16.15%,2.33
499,chkaja.com,"1,487,291.19",00:02:56,76.42%,1.68
500,549.tv,"1,475,869.47",00:01:45,69.32%,1.72
